quarter,amihud,ln_amihud
2020Q3,0.006285903958819009,-5.069445619307793
2020Q4,0.0007171462646856061,-7.240230742791467
2021Q1,0.0009427502643849156,-6.966709141385735
2021Q2,0.0008995689807598595,-7.013594819620935
2021Q3,0.001726088870225475,-6.361897198523897
2021Q4,0.0006271925803404765,-7.37425691881234
2022Q1,0.0015435273033047726,-6.473685024962593
2022Q2,0.004659368650801469,-5.368875322683817
2022Q3,0.0026529311992941605,-5.932090137335003
