quarter,quarter,change_perc_mean,change_perc_stdv
2020Q3,2020Q3,0.3022222222222225,9.321112832942452
2020Q4,2020Q4,0.1674242424242425,2.157446004748036
2021Q1,2021Q1,-0.3891379310344828,2.8598173690202717
2021Q2,2021Q2,-0.00870967741935482,1.614659771167327
2021Q3,2021Q3,-0.22015624999999994,3.312967543374427
2021Q4,2021Q4,0.20363636363636375,2.3805433357589965
2022Q1,2022Q1,-0.3058620689655171,2.154862338976554
2022Q2,2022Q2,-0.4616129032258065,2.8481602883313113
2022Q3,2022Q3,-0.08171874999999999,1.3640073484505075
