quarter,s,ln_s
2021Q4,0.23140274772988353,0.00606970001091388
2022Q1,0.42988129712868867,0.008450749506823688
2022Q2,0.30535787045700497,0.008447908534797585
2022Q3,0.3020162498097555,0.010247397874618744
