quarter,amihud,ln_amihud
2021Q1,0.009326654232682629,-4.674878931578636
2021Q2,0.0021051450218434495,-6.163370920233487
2021Q3,0.0015397882797675805,-6.476110352678335
2021Q4,0.0008057888679299916,-7.123688800231728
2022Q1,0.0020783571887995917,-6.176177510412705
2022Q2,0.010950706722436159,-4.51435128394055
2022Q3,0.002224926873257374,-6.108031229855773
