quarter,quarter,change_perc_mean,change_perc_stdv
2021Q1,2021Q1,-0.06000000000000005,5.769883880980621
2021Q2,2021Q2,0.7798387096774196,3.0796196762925363
2021Q3,2021Q3,0.06515624999999997,2.6021017098744905
2021Q4,2021Q4,-0.06166666666666665,2.069052241845812
2022Q1,2022Q1,-0.6217241379310345,2.2011656703960165
2022Q2,2022Q2,-0.6175806451612902,3.102379671242268
2022Q3,2022Q3,-0.058749999999999976,3.068815241119443
