,quarter,owner_equity,bvps,shares_est,shares_est_diff,shares_est_diff_perc
0,2010Q1,84466.0,10428.0,8099923.283467587,,
1,2011Q1,134453.0,12769.0,10529642.101965697,2429718.8184981104,23.075037071245994
2,2013Q1,134560.0,12779.0,10529775.412786603,133.3108209054917,0.0012660366976451239
3,2021Q3,242496.0,23029.0,10530027.356810978,251.94402437470853,0.0023926245947665787
4,2021Q4,243915.0,23164.0,10529917.11276118,-110.24404979683459,-0.001046960281038016
5,2022Q1,243026.0,23079.0,10530178.950561116,261.83779993467033,0.0024865465360464547
6,2022Q2,238563.0,22656.0,10529793.43220339,-385.518357725814,-0.0036612148206704486
