quarter,change_perc_mean,change_perc_stdv
2021Q2,3.2743396226415094,10.224073685600672
2021Q3,0.7423809523809524,4.019220641145741
2021Q4,1.0699999999999998,4.827132725006386
2022Q1,0.3377586206896552,3.3292937152597752
2022Q2,-0.4015,2.787843966769096
2022Q3,-0.004062500000000004,1.4062036235739048
