,quarter,amihud,ln_amihud
0,2021Q1,0.0001699015870892977,-8.680291188015728
1,2021Q2,0.00014787031594365837,-8.819174911949942
2,2021Q3,0.00047100654521904916,-7.660638567613309
3,2021Q4,0.00012366244694170464,-8.997954906372302
4,2022Q1,0.0001520062196933766,-8.791589118919786
5,2022Q2,0.0006092170495631592,-7.4033359505273415
6,2022Q3,0.0005171033741394074,-7.567267753463667
