quarter,s,ln_s
2021Q1,0.12585338456205492,0.006013243522999993
2021Q2,0.19658278388529993,0.0075250527448126135
2021Q3,0.0771249889500939,0.0031574509874023955
2021Q4,0.15838709417308838,0.006003777233322245
2022Q1,0.14360470941444425,0.005398605843513872
2022Q2,0.15762756130115363,0.007968051382470065
2022Q3,0.09461780690944521,0.005493007471863819
