quarter,change_perc_mean,change_perc_stdv
2021Q1,0.7224999999999999,2.4333587107914476
2021Q2,0.4198387096774194,2.5621977579039728
2021Q3,-0.7720312500000001,4.753972500834484
2021Q4,0.22106060606060607,2.4102595639269153
2022Q1,-0.1781034482758621,1.7051392461496597
2022Q2,-0.6785483870967742,3.0542326700070412
2022Q3,-0.27171875,1.350738251625666
