quarter,change_perc_mean,change_perc_stdv
2020Q3,1.3480434782608695,3.9566240489506086
2020Q4,0.03393939393939392,2.285137180725029
2021Q1,-0.6551724137931034,3.640864193431983
2021Q2,0.3356451612903226,2.720487312282062
2021Q3,-0.8801562500000001,4.361888877352678
2021Q4,-0.11,2.3242315520817427
2022Q1,-0.15068965517241378,2.7674751695863633
2022Q2,-1.3961290322580646,4.2272854347692395
2022Q3,-0.30859375,2.3183052561974447
