quarter,amihud,ln_amihud
2021Q4,9.512065000468093,2.25256099288785
2022Q1,0.03188521604656052,-3.4456128234322905
2022Q2,4.057184408247792,1.40048923752893
2022Q3,1.7215475378482326,0.5432236176168799
