quarter,change_perc_mean,change_perc_stdv
2021Q4,0.42666666666666664,7.785548743073234
2022Q1,0.1977586206896552,2.045216964515482
2022Q2,-0.4055,4.365860400184401
2022Q3,0.09093750000000005,4.376433903341562
