quarter,change_perc_mean,change_perc_stdv
2021Q1,-0.09309090909090911,3.1410966902514184
2021Q2,0.11435483870967741,1.8110848311075896
2021Q3,1.18390625,5.705437845331807
2021Q4,0.4263636363636364,2.79695308745545
2022Q1,0.511551724137931,3.00098451782495
2022Q2,-0.4956451612903226,3.8662794505904725
2022Q3,-0.11718749999999999,1.9138214648201513
