quarter,quarter,change_perc_mean,change_perc_stdv
2021Q1,2021Q1,-0.09309090909090914,3.1410966902514184
2021Q2,2021Q2,0.1143548387096774,1.8110848311075896
2021Q3,2021Q3,1.1839062500000002,5.705437845331807
2021Q4,2021Q4,0.4263636363636365,2.79695308745545
2022Q1,2022Q1,0.511551724137931,3.00098451782495
2022Q2,2022Q2,-0.4956451612903227,3.8662794505904725
2022Q3,2022Q3,-0.1171875,1.9138214648201513
