quarter,change_perc_mean,change_perc_stdv
2020Q2,9.458,5.893239346912698
2020Q3,-0.43446153846153845,1.4594626909084885
2020Q4,-0.14287878787878788,0.4820014846817706
2021Q1,0.28500000000000003,2.153154560500362
2021Q2,0.5456451612903226,3.6208375179013177
2021Q3,-1.08828125,5.3036110952634505
2021Q4,0.4422727272727273,3.4352940957763027
2022Q1,0.10913793103448276,3.415158306922684
2022Q2,-1.2853225806451614,4.122353982041359
2022Q3,-0.45015625,2.5431435941129585
