quarter,change_perc_mean,change_perc_stdv
2011Q1,0.5992307692307692,3.593457302461709
2011Q2,3.2740983606557377,11.657366251580898
2011Q3,3.9482812499999995,11.306674886942135
2011Q4,-0.04815384615384615,0.3882287192642225
2012Q1,1.2644827586206897,6.455706892521814
2012Q2,0.3343548387096774,1.9087654760386845
2012Q3,0.0,0.0
2012Q4,-0.4155,3.042055741697252
2013Q1,0.12982758620689655,1.6726221575815228
2013Q2,0.22868852459016395,1.5837260657595176
2013Q3,0.28153846153846157,1.8822885262769482
2013Q4,0.6428787878787878,2.6894167312471966
2014Q1,0.5083928571428571,2.555561334377681
2014Q2,0.051639344262295085,2.136196136693967
2014Q3,0.14937499999999998,1.8917262419819565
2014Q4,-0.027575757575757615,2.612258710598085
2015Q1,0.10625,1.256011815954843
2015Q2,0.04426229508196722,1.3378321506780955
2015Q3,0.05138461538461539,1.219433624837619
2015Q4,0.18545454545454543,1.9936886430920968
2016Q1,0.6767796610169492,2.9020025432377734
2016Q2,0.20564516129032256,2.978685275484142
2016Q3,0.5106153846153846,3.062299420433053
2016Q4,-0.6081538461538462,2.584860303471261
2017Q1,0.09915254237288133,2.140035681410229
2017Q2,0.10322580645161289,1.921770677874835
2017Q3,-0.25859375,1.5481518599761521
2017Q4,0.18199999999999997,1.9805643135227897
2018Q1,-0.03245614035087717,1.664313758947078
2018Q2,-0.34290322580645166,2.0863619501904602
2018Q3,0.29031250000000003,1.905679038874687
2018Q4,-0.18646153846153846,1.4690233051772346
2019Q1,0.20500000000000002,1.7463237074574893
2019Q2,-0.10098360655737705,1.6080119246220703
2019Q3,-0.37215384615384617,1.1179522187739235
2019Q4,0.10909090909090907,1.7776005671195587
2020Q1,-0.1694915254237288,2.01621053201537
2020Q2,0.22225806451612903,2.3253883295335034
2020Q3,0.23723076923076925,2.1469444185955218
2020Q4,0.06409090909090909,1.806707994177193
2021Q1,0.11344827586206895,2.439009398947628
2021Q2,-0.2269354838709677,1.2984209687781838
2021Q3,0.42015625,2.1615628474445017
2021Q4,0.12469696969696965,2.973275955366388
2022Q1,-0.000689655172413832,2.7159437389652314
2022Q2,-0.5041935483870968,2.4407984103480755
2022Q3,-0.089375,1.1600723499604917
