quarter,s,ln_s
2021Q4,1.3641449140541375,0.07781339553534676
2022Q1,1.0976733436313224,0.0609234306533434
2022Q2,0.6946850987085456,0.06128953148399805
2022Q3,0.7316213664330015,0.07181215127322563
