quarter,quarter,change_perc_mean,change_perc_stdv
2021Q4,2021Q4,0.00041666666666663005,4.015007463141011
2022Q1,2022Q1,-0.5112068965517242,3.503965211308021
2022Q2,2022Q2,-1.4198333333333335,3.9456547615288313
2022Q3,2022Q3,0.1926562500000001,3.7004380874013387
