quarter,quarter,change_perc_mean,change_perc_stdv
2021Q3,2021Q3,-0.17627450980392165,2.9615907622656543
2021Q4,2021Q4,0.4339393939393941,2.6908385188881057
2022Q1,2022Q1,-0.08293103448275857,2.7024660658860413
2022Q2,2022Q2,-0.8374193548387096,4.166986541573183
2022Q3,2022Q3,-0.43781250000000005,2.992176820145473
