quarter,change_perc_mean,change_perc_stdv
2021Q3,-0.17627450980392156,2.9615907622656543
2021Q4,0.43393939393939396,2.6908385188881057
2022Q1,-0.08293103448275863,2.7024660658860413
2022Q2,-0.8374193548387097,4.166986541573183
2022Q3,-0.4378125,2.992176820145473
