quarter,quarter,change_perc_mean,change_perc_stdv
2021Q1,2021Q1,5.763333333333333,2.8238460770138776
2021Q2,2021Q2,0.6480645161290324,2.621137807442695
2021Q3,2021Q3,-0.32187499999999997,2.409118178260542
2021Q4,2021Q4,0.4590909090909091,1.8747797632893206
2022Q1,2022Q1,-0.2717241379310345,1.8083074745642773
2022Q2,2022Q2,-0.06096774193548401,1.7934358541293816
2022Q3,2022Q3,-0.11203125,0.7347954681136224
