quarter,s,ln_s
2022Q1,0.8335177939028853,0.08763587417172627
2022Q2,0.5754464805603275,0.06234265303971047
2022Q3,0.3982041303316832,0.04691118483701766
