,quarter,amihud,ln_amihud
0,2022Q1,0.3803529583961658,-0.9666556194800375
1,2022Q2,0.033933810780145963,-3.383343393490982
2,2022Q3,0.05225512143299128,-2.95161737508436
