quarter,quarter,change_perc_mean,change_perc_stdv
2022Q1,2022Q1,-0.217843137254902,3.5723495426542407
2022Q2,2022Q2,-0.4006451612903225,2.628481997223931
2022Q3,2022Q3,-0.328125,1.882666864798317
