quarter,s,ln_s
2021Q4,1.1658609469204912,0.04988092495228508
2022Q1,1.2321100488527148,0.0865607270473048
2022Q2,1.1133618524401903,0.04086593301912953
2022Q3,0.9184479403888687,0.02623085507416791
