,quarter,amihud,ln_amihud
0,2020Q4,0.050618494713376226,-2.9834382613010653
1,2021Q1,0.02016018808327936,-3.904045506294743
2,2021Q2,0.04299466233297221,-3.146679302784907
3,2021Q3,0.03553978052525191,-3.33710263170374
4,2021Q4,0.01445589550953158,-4.2366529538913005
5,2022Q1,0.11675073456434262,-2.147714090681252
6,2022Q2,2.8413916791643943,1.0442939600234509
7,2022Q3,2.4161500412756363,0.8821753813212478
