quarter,quarter,change_perc_mean,change_perc_stdv
2020Q4,2020Q4,0.30724999999999997,3.6030449996122402
2021Q1,2021Q1,0.4196551724137931,3.9541552496907584
2021Q2,2021Q2,-0.3293548387096773,1.9723489125104414
2021Q3,2021Q3,0.26328125000000013,2.4249156782508923
2021Q4,2021Q4,0.09924242424242423,1.8698064980971532
2022Q1,2022Q1,-0.11448275862068967,1.4583674751858589
2022Q2,2022Q2,-0.339344262295082,2.64958479064957
2022Q3,2022Q3,-0.009375000000000034,2.8565601886029133
