,quarter,amihud,ln_amihud
0,2020Q4,0.014288182044934745,-4.248322513822306
1,2021Q1,0.11720971522468092,-2.143790510866236
2,2021Q2,0.07408743865749307,-2.602509279842297
3,2021Q3,0.29931113346179355,-1.206271666479897
4,2021Q4,0.020830517371232888,-3.8713361862244837
5,2022Q1,0.20211028340371312,-1.5989417731173512
6,2022Q2,0.2986099931998119,-1.2086169275924012
7,2022Q3,2.9794370193206525,1.0917343629786842
