quarter,s,ln_s
2020Q4,0.717984604723419,0.04343756507834229
2021Q1,0.4865608602808691,0.03552083956288072
2021Q2,0.38661736759245174,0.024743849510002008
2021Q3,0.6508841684838204,0.049068063628106735
2021Q4,0.7284417443893603,0.04872149247633527
2022Q1,0.6090783862873982,0.03520423467424536
2022Q2,0.5916411371356333,0.03819090748558472
2022Q3,0.41919141811528654,0.031137260721955922
