quarter,change_perc_mean,change_perc_stdv
2020Q4,0.014999999999999977,1.8956133572013043
2021Q1,-0.19086206896551727,2.4589701770290855
2021Q2,0.09096774193548386,1.1567941989025055
2021Q3,0.30156249999999996,2.5931180096371937
2021Q4,0.009076923076923068,1.7158386461481114
2022Q1,0.07948275862068963,1.981909784635608
2022Q2,-0.21499999999999994,2.350325978112362
2022Q3,0.08015624999999998,2.0684734745412987
