,quarter,amihud,ln_amihud
0,2020Q4,0.00518707888604798,-5.261584575313641
1,2021Q1,0.010428952170109855,-4.563169478092925
2,2021Q2,0.002630121117676202,-5.940725381504475
3,2021Q3,0.0010191533094918658,-6.88878308513385
4,2021Q4,0.0020234642911458015,-6.202944240878045
5,2022Q1,0.0008378014735047665,-7.08472939067422
6,2022Q2,0.013481228710341617,-4.306457027033127
7,2022Q3,0.005051548394553969,-5.288060469907998
