quarter,change_perc_mean,change_perc_stdv
2020Q4,1.0215254237288136,4.608543345884273
2021Q1,0.5056896551724137,4.96600199675966
2021Q2,0.5582258064516129,2.609719238836358
2021Q3,0.17703125,1.7998700832194123
2021Q4,0.32969696969696966,2.7723330745043375
2022Q1,0.21258620689655172,1.9289698735697627
2022Q2,-1.3014754098360657,3.9063831677847363
2022Q3,0.054843749999999955,3.066758793744291
