quarter,amihud,ln_amihud
2021Q4,5.075533026512267,1.6244315492672359
2022Q1,10.168290341482633,2.3192740879132585
2022Q2,1.6988093293997222,0.5299276112006245
2022Q3,11.168204291444296,2.4130708384247277
