quarter,s,ln_s
2021Q4,0.27665735968950084,0.02171173968751466
2022Q1,0.015466115633576017,0.0006994897731781195
2022Q2,0.0,0.0
2022Q3,0.06724770977750091,0.010351399229371018
