quarter,change_perc_mean,change_perc_stdv
2020Q3,9.536,5.849600841083091
2020Q4,-0.22303030303030302,2.8941915144206547
2021Q1,-0.15896551724137928,2.035008245731104
2021Q2,0.14220338983050848,1.052956540015173
2021Q3,-0.18721311475409833,2.0440793617564044
2021Q4,0.063030303030303,1.2701798415330126
2022Q1,0.0008620689655172288,1.431392751382874
2022Q2,-0.13338709677419358,2.4314927908513164
2022Q3,-0.078125,1.6434225562565148
