quarter,s,ln_s
2021Q4,0.31140531152777345,0.020385913094409607
2022Q1,0.26664074586016734,0.04197859482973252
2022Q2,0.9293569971227156,0.11210753855080921
2022Q3,0.18703411084060767,0.01749757987712939
