quarter,amihud,ln_amihud
2021Q1,9.726798225221799,2.2748847798890495
2021Q2,2.1526089963840525,0.766680593149953
2021Q3,8.453574970489877,2.1345894253295072
2021Q4,6.336767093485248,1.8463687162314046
2022Q1,6.777093850911151,1.9135483745029964
2022Q2,12.67779177875471,2.539851783902738
2022Q3,15.490609670634532,2.7402340126364493
