quarter,s,ln_s
2021Q1,0.5714168823740994,0.05365983461407515
2021Q2,0.2621330633720248,0.02524362538491636
2021Q3,0.12451653013290295,0.014689311048830634
2021Q4,0.05790699045842655,0.002490745912760034
2022Q1,0.1430904254171401,0.012128379772537683
2022Q2,0.4523370077998717,0.06510819029084144
2022Q3,0.2823887785477737,0.03767796587089025
