quarter,change_perc_mean,change_perc_stdv
2021Q1,2.9624390243902443,6.498967525879709
2021Q2,-0.44225806451612903,3.4503107103396813
2021Q3,0.396875,3.4351256879572087
2021Q4,-0.15757575757575762,3.96781205378638
2022Q1,0.11344827586206893,6.29632155260267
2022Q2,-0.1213114754098361,5.85549897543891
2022Q3,-0.11593750000000005,4.448195538821028
