quarter,amihud,ln_amihud
2021Q1,0.012296487146828938,-4.398441655213374
2021Q2,0.0148447176187099,-4.210111192927132
2021Q3,0.018747560912509235,-3.9766916196936353
2021Q4,0.008845194221297788,-4.727880993296286
2022Q1,0.014228199105849281,-4.252529431048855
2022Q2,0.035055814964702496,-3.3508137744204984
2022Q3,0.03586357817648519,-3.3280330339513142
