quarter,quarter,change_perc_mean,change_perc_stdv
2020Q4,2020Q4,3.3785714285714286,5.0530532966759445
2021Q1,2021Q1,0.298448275862069,2.5208226182570392
2021Q2,2021Q2,0.5545161290322581,2.5158681175652853
2021Q3,2021Q3,-0.13156249999999994,2.453131603216267
2021Q4,2021Q4,0.40348484848484845,2.332507724399275
2022Q1,2022Q1,-0.31275862068965504,1.8378389226551202
2022Q2,2022Q2,-0.6864516129032256,2.951959669619985
2022Q3,2022Q3,-0.09890625000000003,1.1971647951000666
